{
    "overall_time": [
        67.19428960001096,
        65.66005990002304,
        68.53624749998562,
        65.36507529998198,
        66.7798133000033,
        67.63875040004496,
        67.14363930001855,
        66.08198900008574,
        65.76190200005658,
        66.70225420000497
    ],
    "spectra_per_sec": [
        549.1835722896604,
        562.0159356569069,
        538.4304123158734,
        564.552244920464,
        552.5921408947422,
        545.5748336825494,
        549.5978529717528,
        558.4275013264526,
        561.1455702721045,
        553.2346761377856
    ]
}