{
    "overall_time": [
        79.94330000004265,
        81.9400002999464,
        82.1359043000266,
        82.13669940002728,
        81.55428570008371,
        81.67280499998014,
        82.30001850007102,
        81.72093599999789,
        82.56432990008034,
        81.88837309996597
    ],
    "spectra_per_sec": [
        461.6021605310302,
        450.353915852062,
        449.2797676544002,
        449.2754185346257,
        452.48388460794433,
        451.82726367741344,
        448.3838603264488,
        451.5611519672383,
        446.94845879157424,
        450.63784519142354
    ]
}